Name,Time,Latitude,Longitude,State,Address,Override,Speed,Heading,Altitude,Power,Battery,Temperature,Ignition,Aux,CID,LAC,CSQ,Network,nSats,HDOP,load,maxspeed,throttle,rxlev,coolant,maf,mcc,rpm,fuel,reportid,vin,output,rtr,input,alt,gsm,mal,tank
Jeremy Atrack,9/07/2015 9:14,-27.18307,152.98514,Moving,,,101,165,0,14.4,0,0,On,Off,0,7057,16,0,11,0,,114,,30,-40,,50502,,652.2,2,,,,1,35,9,,
Jeremy Atrack,9/07/2015 9:14,-27.18494,152.98567,Moving,,,109,165,0,14.4,0,0,On,Off,0,7057,20,0,11,0,,111,,38,-40,,50502,,652.2,2,,,,1,35,9,,
Jeremy Atrack,9/07/2015 9:14,-27.18681,152.98616,Moving,,,101,167,0,14.4,0,0,On,Off,0,7057,20,0,11,0,,111,,38,-40,,50502,,652.2,2,,,,1,36,9,,
Jeremy Atrack,9/07/2015 9:14,-27.18875,152.98661,Moving,,,105,169,0,14.4,0,0,On,Off,0,7057,25,0,10,0,,115,,47,-40,,50502,,652.2,2,,,,1,33,9,,
Jeremy Atrack,9/07/2015 9:14,-27.19049,152.98696,Moving,,,106,170,0,14.4,0,0,On,Off,0,7057,25,0,11,0,,117,,47,-40,,50502,,652.2,2,,,,1,27,9,,
Jeremy Atrack,9/07/2015 9:14,-27.19243,152.98733,Moving,,,100,170,0,14.4,0,0,On,Off,0,7057,25,0,11,0,,116,,47,-40,,50502,,652.2,2,,,,1,26,9,,
Jeremy Atrack,9/07/2015 9:14,-27.19433,152.98769,Moving,,,101,170,0,14.4,0,0,On,Off,0,7057,25,0,11,0,,111,,47,-40,,50502,,652.2,2,,,,1,29,9,,
Jeremy Atrack,9/07/2015 9:14,-27.19613,152.98803,Moving,,,102,170,0,14.4,0,0,On,Off,0,7057,28,0,11,0,,109,,53,-40,,50502,,652.2,2,,,,1,31,9,,
Jeremy Atrack,9/07/2015 9:14,-27.19792,152.98837,Moving,,,103,170,0,14.4,0,0,On,Off,0,7057,28,0,11,0,,103,,53,-40,,50502,,652.2,2,,,,1,32,9,,
Jeremy Atrack,9/07/2015 9:15,-27.19963,152.9887,Moving,,,95,170,0,14.4,0,0,On,Off,0,7057,28,0,11,0,,103,,53,-40,,50502,,652.2,2,,,,1,33,9,,
Jeremy Atrack,9/07/2015 9:15,-27.2015,152.98906,Moving,,,95,170,0,14.4,0,0,On,Off,0,7057,28,0,11,0,,95,,53,-40,,50502,,652.2,2,,,,1,35,9,,
Jeremy Atrack,9/07/2015 9:15,-27.20343,152.98944,Moving,,,100,170,0,14.4,0,0,On,Off,0,7057,22,0,11,0,,100,,41,-40,,50502,,652.2,2,,,,1,37,9,,
Jeremy Atrack,9/07/2015 9:15,-27.20542,152.98984,Moving,,,98,168,0,14.4,0,0,On,Off,0,7057,29,0,11,0,,102,,56,-40,,50502,,652.2,2,,,,1,38,9,,
Jeremy Atrack,9/07/2015 9:15,-27.20734,152.99037,Moving,,,97,164,0,14.4,0,0,On,Off,0,7057,29,0,11,0,,99,,56,-40,,50502,,652.2,2,,,,1,37,9,,
Jeremy Atrack,9/07/2015 9:15,-27.20922,152.99103,Moving,,,99,160,0,14.4,0,0,On,Off,0,7057,29,0,11,0,,99,,56,-40,,50502,,652.2,2,,,,1,33,9,,
Jeremy Atrack,9/07/2015 9:15,-27.21087,152.99176,Moving,,,101,157,0,14.4,0,0,On,Off,0,7057,25,0,11,0,,101,,48,-40,,50502,,652.2,2,,,,1,31,9,,
Jeremy Atrack,9/07/2015 9:15,-27.21254,152.99261,Moving,,,102,153,0,14.4,0,0,On,Off,0,7057,25,0,11,0,,108,,48,-40,,50502,,652.2,2,,,,1,28,9,,
Jeremy Atrack,9/07/2015 9:16,-27.21426,152.99365,Moving,,,102,150,0,14.4,0,0,On,Off,0,7057,25,0,11,0,,112,,48,-40,,50502,,652.2,2,,,,1,26,9,,
Jeremy Atrack,9/07/2015 9:16,-27.2159,152.99479,Moving,,,104,147,0,14.4,0,0,On,Off,0,7057,25,0,11,0,,113,,48,-40,,50502,,652.2,2,,,,1,23,9,,
Jeremy Atrack,9/07/2015 9:16,-27.21741,152.99588,Moving,,,101,147,0,14.4,0,0,On,Off,0,7057,25,0,11,0,,104,,48,-40,,50502,,652.2,2,,,,1,24,9,,
Jeremy Atrack,9/07/2015 9:16,-27.21909,152.99702,Moving,,,103,150,0,14.4,0,0,On,Off,0,7057,21,0,11,0,,123,,39,-40,,50502,,652.2,2,,,,1,27,9,,
Jeremy Atrack,9/07/2015 9:16,-27.2207,152.99798,Moving,,,104,153,0,14.4,0,0,On,Off,0,7057,21,0,11,0,,125,,39,-40,,50502,,652.2,2,,,,1,31,9,,
Jeremy Atrack,9/07/2015 9:16,-27.22231,152.99881,Moving,,,104,156,0,14.4,0,0,On,Off,0,7057,21,0,11,0,,118,,39,-40,,50502,,652.2,2,,,,1,35,9,,
Jeremy Atrack,9/07/2015 9:16,-27.22414,152.99971,Moving,,,101,156,0,14.4,0,0,On,Off,0,7057,21,0,11,0,,116,,39,-40,,50502,,652.2,2,,,,1,39,9,,
Jeremy Atrack,9/07/2015 9:16,-27.22595,153.0006,Moving,,,103,156,0,14.4,0,0,On,Off,0,7057,21,0,11,0,,113,,40,-40,,50502,,652.2,2,,,,1,40,9,,
Jeremy Atrack,9/07/2015 9:16,-27.22777,153.0015,Moving,,,102,156,0,14.4,0,0,On,Off,0,7057,21,0,11,0,,113,,40,-40,,50502,,652.2,2,,,,1,39,9,,
Jeremy Atrack,9/07/2015 9:17,-27.22957,153.00238,Moving,,,101,156,0,14.4,0,0,On,Off,0,7057,21,0,11,0,,113,,40,-40,,50502,,652.2,2,,,,1,37,9,,
Jeremy Atrack,9/07/2015 9:17,-27.23133,153.00325,Moving,,,101,156,0,14.4,0,0,On,Off,0,7057,21,0,11,0,,110,,40,-40,,50502,,652.2,2,,,,1,36,9,,
Jeremy Atrack,9/07/2015 9:17,-27.23312,153.00412,Moving,,,102,155,0,14.4,0,0,On,Off,0,7057,21,0,11,0,,112,,40,-40,,50502,,652.2,2,,,,1,35,9,,
Jeremy Atrack,9/07/2015 9:17,-27.23494,153.00502,Moving,,,102,156,0,14.4,0,0,On,Off,0,7060,16,0,11,0,,113,,30,-40,,50502,,652.2,2,,,,1,34,9,,
Jeremy Atrack,9/07/2015 9:17,-27.23672,153.00595,Moving,,,102,151,0,14.4,0,0,On,Off,0,7060,16,0,11,0,,112,,30,-40,,50502,,652.2,2,,,,1,34,9,,
Jeremy Atrack,9/07/2015 9:17,-27.23838,153.00717,Moving,,,102,142,0,14.4,0,0,On,Off,0,7060,20,0,11,0,,113,,37,-40,,50502,,652.2,2,,,,1,33,9,,
Jeremy Atrack,9/07/2015 9:17,-27.23983,153.0087,Moving,,,104,132,0,14.4,0,0,On,Off,0,7060,20,0,11,0,,114,,37,-40,,50502,,652.2,2,,,,1,31,9,,
Jeremy Atrack,9/07/2015 9:17,-27.24111,153.01042,Moving,,,104,129,0,14.4,0,0,On,Off,0,7060,22,0,11,0,,114,,42,-40,,50502,,652.2,2,,,,1,27,9,,
Jeremy Atrack,9/07/2015 9:18,-27.24238,153.01215,Moving,,,103,129,0,14.4,0,0,On,Off,0,7060,22,0,11,0,,114,,42,-40,,50502,,652.2,2,,,,1,24,9,,
Jeremy Atrack,9/07/2015 9:18,-27.24365,153.01388,Moving,,,105,129,0,14.4,0,0,On,Off,0,7060,22,0,11,0,,115,,42,-40,,50502,,652.2,2,,,,1,22,9,,
Jeremy Atrack,9/07/2015 9:18,-27.24496,153.01557,Moving,,,103,134,0,14.4,0,0,On,Off,0,7060,22,0,11,0,,115,,42,-40,,50502,,652.2,2,,,,1,19,9,,
Jeremy Atrack,9/07/2015 9:18,-27.24649,153.01699,Moving,,,102,144,0,14.4,0,0,On,Off,0,7060,22,0,11,0,,113,,42,-40,,50502,,652.2,2,,,,1,17,9,,
Jeremy Atrack,9/07/2015 9:18,-27.24817,153.01806,Moving,,,100,154,0,14.4,0,0,On,Off,0,7060,22,0,11,0,,112,,42,-40,,50502,,652.2,2,,,,1,15,9,,
Jeremy Atrack,9/07/2015 9:18,-27.2499,153.01877,Moving,,,101,164,0,14.4,0,0,On,Off,0,7060,22,0,11,0,,107,,42,-40,,50502,,652.2,2,,,,1,15,9,,
Jeremy Atrack,9/07/2015 9:18,-27.25179,153.01916,Moving,,,93,174,0,14.4,0,0,On,Off,0,7060,22,0,11,0,,101,,42,-40,,50502,,652.2,2,,,,1,19,9,,
Jeremy Atrack,9/07/2015 9:18,-27.25361,153.01917,Moving,,,89,183,0,14.4,0,0,On,Off,0,7060,31,0,11,0,,93,,62,-40,,50502,,652.2,2,,,,1,24,9,,
Jeremy Atrack,9/07/2015 9:19,-27.25536,153.01905,Moving,,,85,183,0,14.4,0,0,On,Off,0,7060,31,0,11,0,,89,,62,-40,,50502,,652.2,2,,,,1,30,9,,
Jeremy Atrack,9/07/2015 9:19,-27.2572,153.01892,Moving,,,94,183,0,14.4,0,0,On,Off,0,7060,31,0,11,0,,95,,62,-40,,50502,,652.2,2,,,,1,32,9,,
Jeremy Atrack,9/07/2015 9:19,-27.25915,153.01879,Moving,,,96,183,0,14.4,0,0,On,Off,0,7060,31,0,11,0,,99,,62,-40,,50502,,652.2,2,,,,1,32,9,,
Jeremy Atrack,9/07/2015 9:19,-27.26112,153.01865,Moving,,,97,183,0,14.4,0,0,On,Off,0,7060,18,0,11,0,,99,,34,-40,,50502,,652.2,2,,,,1,31,9,,
Jeremy Atrack,9/07/2015 9:19,-27.26303,153.01852,Moving,,,95,183,0,14.2,0,0,On,Off,0,7060,17,0,11,0,,97,,32,-40,,50502,,652.2,2,,,,1,28,9,,
Jeremy Atrack,9/07/2015 9:19,-27.26501,153.01838,Moving,,,99,183,0,14.2,0,0,On,Off,0,7060,17,0,11,0,,99,,32,-40,,50502,,652.2,2,,,,1,24,9,,
Jeremy Atrack,9/07/2015 9:19,-27.26702,153.01824,Moving,,,100,183,0,14.2,0,0,On,Off,0,7060,17,0,11,0,,100,,32,-40,,50502,,652.2,2,,,,1,20,9,,
Jeremy Atrack,9/07/2015 9:19,-27.26879,153.01811,Moving,,,101,183,0,14.2,0,0,On,Off,0,7060,16,0,11,0,,101,,29,-40,,50502,,652.2,2,,,,1,16,9,,
Jeremy Atrack,9/07/2015 9:20,-27.27082,153.01797,Moving,,,101,183,0,14.2,0,0,On,Off,0,7060,28,0,11,0,,102,,53,-40,,50502,,652.2,2,,,,1,14,9,,
Jeremy Atrack,9/07/2015 9:20,-27.27258,153.01785,Moving,,,99,183,0,14.2,0,0,On,Off,0,7060,28,0,11,0,,101,,53,-40,,50502,,652.2,2,,,,1,15,9,,
Jeremy Atrack,9/07/2015 9:20,-27.27457,153.01786,Moving,,,98,174,0,14.2,0,0,On,Off,0,7060,28,0,10,0,,100,,53,-40,,50502,,652.2,2,,,,1,17,9,,
Jeremy Atrack,9/07/2015 9:20,-27.2763,153.0183,Moving,,,103,162,0,14.2,0,0,On,Off,0,7060,21,0,11,0,,103,,39,-40,,50502,,652.2,2,,,,1,17,9,,
Jeremy Atrack,9/07/2015 9:20,-27.27803,153.01903,Moving,,,103,156,0,14.4,0,0,On,Off,0,7060,21,0,11,0,,108,,39,-40,,50502,,652.2,2,,,,1,16,9,,
Jeremy Atrack,9/07/2015 9:20,-27.28151,153.02048,Moving,,,94,168,0,14.4,0,0,On,Off,0,7060,23,0,11,0,,110,,44,-40,,50502,,652.2,2,,,,1,15,9,,
Jeremy Atrack,9/07/2015 9:20,-27.28339,153.02071,Moving,,,94,176,0,14.4,0,0,On,Off,0,7060,29,0,11,0,,95,,55,-40,,50502,,652.2,2,,,,1,14,9,,
Jeremy Atrack,9/07/2015 9:21,-27.28526,153.02072,Moving,,,101,182,0,14.4,0,0,On,Off,0,7060,29,0,11,0,,113,,55,-40,,50502,,652.2,2,,,,1,14,9,,
Jeremy Atrack,9/07/2015 9:21,-27.28715,153.02054,Moving,,,104,187,0,14.4,0,0,On,Off,0,7060,29,0,10,0,,114,,55,-40,,50502,,652.2,2,,,,1,10,9,,
Jeremy Atrack,9/07/2015 9:21,-27.28887,153.02015,Moving,,,104,194,0,14.4,0,0,On,Off,0,7060,29,0,10,0,,119,,55,-40,,50502,,652.2,2,,,,1,8,9,,
Jeremy Atrack,9/07/2015 9:21,-27.2908,153.01959,Moving,,,102,194,0,14.4,0,0,On,Off,0,7060,17,0,11,0,,114,,55,-40,,50502,,652.2,2,,,,1,9,9,,
Jeremy Atrack,9/07/2015 9:21,-27.29262,153.01906,Moving,,,104,194,0,14.4,0,0,On,Off,0,7060,17,0,11,0,,112,,32,-40,,50502,,652.2,2,,,,1,10,9,,
Jeremy Atrack,9/07/2015 9:21,-27.2944,153.01854,Moving,,,104,195,0,14.4,0,0,On,Off,0,7060,17,0,11,0,,105,,32,-40,,50502,,652.2,2,,,,1,10,9,,
Jeremy Atrack,9/07/2015 9:21,-27.29617,153.018,Moving,,,104,195,0,14.4,0,0,On,Off,0,7060,27,0,11,0,,105,,51,-40,,50502,,652.2,2,,,,1,10,9,,
Jeremy Atrack,9/07/2015 9:21,-27.29796,153.01746,Moving,,,103,194,0,14.4,0,0,On,Off,0,7060,27,0,11,0,,107,,51,-40,,50502,,652.2,2,,,,1,10,9,,
Jeremy Atrack,9/07/2015 9:21,-27.29981,153.01716,Moving,,,104,178,0,14.4,0,0,On,Off,0,7060,31,0,11,0,,108,,59,-40,,50502,,652.2,2,,,,1,9,9,,
Jeremy Atrack,9/07/2015 9:22,-27.30082,153.01738,Moving,,,100,162,0,14.4,0,0,On,Off,0,7060,31,0,11,0,,104,,59,-40,,50502,,652.2,2,,,,1,9,9,,
Jeremy Atrack,9/07/2015 9:22,-27.30173,153.01791,Moving,,,104,146,0,14.4,0,0,On,Off,0,7060,31,0,11,0,,107,,59,-40,,50502,,652.2,2,,,,1,8,9,,
Jeremy Atrack,9/07/2015 9:22,-27.30278,153.01902,Moving,,,109,127,0,14.4,0,0,On,Off,0,7060,31,0,11,0,,120,,59,-40,,50502,,652.2,2,,,,1,6,9,,
Jeremy Atrack,9/07/2015 9:22,-27.30346,153.02047,Moving,,,105,112,0,14.4,0,0,On,Off,0,7060,31,0,11,0,,119,,59,-40,,50502,,652.2,2,,,,1,6,9,,
Jeremy Atrack,9/07/2015 9:22,-27.30411,153.02224,Moving,,,102,114,0,14.4,0,0,On,Off,0,7060,31,0,11,0,,115,,59,-40,,50502,,652.2,2,,,,1,6,9,,
Jeremy Atrack,9/07/2015 9:22,-27.30498,153.02421,Moving,,,103,117,0,14.4,0,0,On,Off,0,7060,18,0,11,0,,112,,34,-40,,50502,,652.2,2,,,,1,7,9,,
Jeremy Atrack,9/07/2015 9:22,-27.30592,153.02615,Moving,,,101,122,0,14.4,0,0,On,Off,0,7060,18,0,11,0,,113,,34,-40,,50502,,652.2,2,,,,1,8,9,,
Jeremy Atrack,9/07/2015 9:22,-27.30711,153.02786,Moving,,,101,129,0,14.4,0,0,On,Off,0,7060,18,0,11,0,,111,,34,-40,,50502,,652.2,2,,,,1,8,9,,
Jeremy Atrack,9/07/2015 9:22,-27.30831,153.02951,Moving,,,101,127,0,14.4,0,0,On,Off,0,7060,17,0,11,0,,109,,32,-40,,50502,,652.2,2,,,,1,9,9,,
Jeremy Atrack,9/07/2015 9:22,-27.30925,153.03133,Moving,,,100,111,0,14.4,0,0,On,Off,0,7060,12,0,11,0,,109,,22,-40,,50502,,652.2,2,,,,1,8,9,,
Jeremy Atrack,9/07/2015 9:23,-27.30969,153.0331,Moving,,,102,104,0,14.4,0,0,On,Off,0,7060,12,0,11,0,,109,,22,-40,,50502,,652.2,2,,,,1,7,9,,
Jeremy Atrack,9/07/2015 9:23,-27.3102,153.03517,Moving,,,103,106,0,14.4,0,0,On,Off,0,7060,15,0,11,0,,109,,27,-40,,50502,,652.2,2,,,,1,6,9,,
Jeremy Atrack,9/07/2015 9:23,-27.31088,153.0368,Moving,,,104,121,0,14.4,0,0,On,Off,0,7060,15,0,11,0,,108,,27,-40,,50502,,652.2,2,,,,1,6,9,,
Jeremy Atrack,9/07/2015 9:23,-27.31171,153.03829,Moving,,,102,121,0,14.4,0,0,On,Off,0,7060,15,0,11,0,,106,,27,-40,,50502,,652.2,2,,,,1,8,9,,
Jeremy Atrack,9/07/2015 9:23,-27.31264,153.04017,Moving,,,94,111,0,14.4,0,0,On,Off,0,7060,13,0,11,0,,102,,24,-40,,50502,,652.2,2,,,,1,13,9,,
Jeremy Atrack,9/07/2015 9:23,-27.31295,153.04172,Moving,,,95,94,0,14.4,0,0,On,Off,0,7060,13,0,11,0,,95,,24,-40,,50502,,652.2,2,,,,1,14,9,,
Jeremy Atrack,9/07/2015 9:23,-27.31284,153.04362,Moving,,,94,82,0,14.4,0,0,On,Off,0,7060,13,0,11,0,,98,,24,-40,,50502,,652.2,2,,,,1,14,9,,
Jeremy Atrack,9/07/2015 9:23,-27.31277,153.04561,Moving,,,88,102,0,14.4,0,0,On,Off,0,7060,17,0,11,0,,94,,31,-40,,50502,,652.2,2,,,,1,14,9,,
Jeremy Atrack,9/07/2015 9:23,-27.31312,153.04654,Moving,,,89,121,0,14.4,0,0,On,Off,0,7060,18,0,11,0,,90,,33,-40,,50502,,652.2,2,,,,1,16,9,,
Jeremy Atrack,9/07/2015 9:23,-27.31356,153.04711,Moving,,,90,136,0,14.4,0,0,On,Off,0,7060,18,0,11,0,,90,,33,-40,,50502,,652.2,2,,,,1,17,9,,
Jeremy Atrack,9/07/2015 9:24,-27.31413,153.04755,Moving,,,92,151,0,14.4,0,0,On,Off,0,7060,18,0,11,0,,92,,33,-40,,50502,,652.2,2,,,,1,18,9,,
Jeremy Atrack,9/07/2015 9:24,-27.3157,153.04823,Moving,,,96,159,0,14.4,0,0,On,Off,0,7060,18,0,11,0,,97,,33,-40,,50502,,652.2,2,,,,1,14,9,,
Jeremy Atrack,9/07/2015 9:24,-27.31747,153.04898,Moving,,,90,159,0,14.4,0,0,On,Off,0,7060,18,0,11,0,,96,,33,-40,,50502,,652.2,2,,,,1,8,9,,
Jeremy Atrack,9/07/2015 9:24,-27.31914,153.0497,Moving,,,90,159,0,14.4,0,0,On,Off,0,7060,20,0,11,0,,90,,38,-40,,50502,,652.2,2,,,,1,8,9,,
Jeremy Atrack,9/07/2015 9:24,-27.32089,153.05033,Moving,,,90,165,0,14.4,0,0,On,Off,0,7060,20,0,11,0,,93,,38,-40,,50502,,652.2,2,,,,1,8,9,,
Jeremy Atrack,9/07/2015 9:24,-27.32265,153.05076,Moving,,,93,167,0,14.4,0,0,On,Off,0,7060,20,0,11,0,,93,,38,-40,,50502,,652.2,2,,,,1,10,9,,
Jeremy Atrack,9/07/2015 9:24,-27.32451,153.05126,Moving,,,95,166,0,14.4,0,0,On,Off,0,7060,20,0,11,0,,96,,38,-40,,50502,,652.2,2,,,,1,10,9,,
Jeremy Atrack,9/07/2015 9:24,-27.3263,153.05152,Moving,,,86,178,0,14.4,0,0,On,Off,0,7060,23,0,11,0,,95,,43,-40,,50502,,652.2,2,,,,1,9,9,,
Jeremy Atrack,9/07/2015 9:25,-27.32812,153.05139,Moving,,,94,187,0,14.4,0,0,On,Off,0,7060,23,0,11,0,,94,,43,-40,,50502,,652.2,2,,,,1,12,9,,
Jeremy Atrack,9/07/2015 9:25,-27.32998,153.05112,Moving,,,93,187,0,14.4,0,0,On,Off,0,7060,29,0,11,0,,95,,55,-40,,50502,,652.2,2,,,,1,17,9,,
Jeremy Atrack,9/07/2015 9:25,-27.3318,153.05089,Moving,,,92,182,0,14.4,0,0,On,Off,0,7060,29,0,11,0,,93,,55,-40,,50502,,652.2,2,,,,1,15,9,,
Jeremy Atrack,9/07/2015 9:25,-27.33317,153.05102,Moving,,,89,167,0,14.4,0,0,On,Off,0,7060,18,0,11,0,,93,,34,-40,,50502,,652.2,2,,,,1,13,9,,
Jeremy Atrack,9/07/2015 9:25,-27.33467,153.05168,Moving,,,93,151,0,14.4,0,0,On,Off,0,7060,24,0,11,0,,93,,46,-40,,50502,,652.2,2,,,,1,11,9,,
Jeremy Atrack,9/07/2015 9:25,-27.33575,153.05261,Moving,,,90,135,0,14.4,0,0,On,Off,0,7060,24,0,11,0,,93,,46,-40,,50502,,652.2,2,,,,1,11,9,,
Jeremy Atrack,9/07/2015 9:25,-27.33659,153.05382,Moving,,,91,120,0,14.4,0,0,On,Off,0,7060,24,0,11,0,,91,,46,-40,,50502,,652.2,2,,,,1,9,9,,
Jeremy Atrack,9/07/2015 9:25,-27.33711,153.05525,Moving,,,89,105,0,14.4,0,0,On,Off,0,7060,25,0,11,0,,93,,48,-40,,50502,,652.2,2,,,,1,8,9,,
Jeremy Atrack,9/07/2015 9:25,-27.33729,153.05699,Moving,,,87,88,0,14.4,0,0,On,Off,0,7060,22,0,11,0,,91,,41,-40,,50502,,652.2,2,,,,1,9,9,,
Jeremy Atrack,9/07/2015 9:26,-27.33719,153.05869,Moving,,,86,85,0,14.4,0,0,On,Off,0,7060,22,0,11,0,,87,,41,-40,,50502,,652.2,2,,,,1,13,9,,
Jeremy Atrack,9/07/2015 9:26,-27.33706,153.06076,Moving,,,81,86,0,14.4,0,0,On,Off,0,7060,22,0,11,0,,86,,41,-40,,50502,,652.2,2,,,,1,12,9,,
Jeremy Atrack,9/07/2015 9:26,-27.33706,153.06293,Moving,,,87,93,0,14.4,0,0,On,Off,0,7060,22,0,11,0,,87,,41,-40,,50502,,652.2,2,,,,1,8,9,,
Jeremy Atrack,9/07/2015 9:26,-27.33721,153.0651,Moving,,,86,94,0,14.4,0,0,On,Off,0,7060,16,0,11,0,,88,,29,-40,,50502,,652.2,2,,,,1,7,9,,
Jeremy Atrack,9/07/2015 9:26,-27.33734,153.06712,Moving,,,92,94,0,14.4,0,0,On,Off,0,7060,16,0,11,0,,92,,29,-40,,50502,,652.2,2,,,,1,8,9,,
Jeremy Atrack,9/07/2015 9:26,-27.33748,153.06917,Moving,,,91,94,0,14.4,0,0,On,Off,0,7060,16,0,11,0,,92,,29,-40,,50502,,652.2,2,,,,1,9,9,,
Jeremy Atrack,9/07/2015 9:26,-27.33777,153.07128,Moving,,,96,105,0,14.4,0,0,On,Off,0,7060,15,0,11,0,,96,,27,-40,,50502,,652.2,2,,,,1,8,9,,
Jeremy Atrack,9/07/2015 9:27,-27.33856,153.07323,Moving,,,96,121,0,14.4,0,0,On,Off,0,7060,24,0,11,0,,96,,45,-40,,50502,,652.2,2,,,,1,6,9,,
Jeremy Atrack,9/07/2015 9:27,-27.33962,153.07465,Moving,,,89,135,0,14.4,0,0,On,Off,0,7060,24,0,11,0,,97,,45,-40,,50502,,652.2,2,,,,1,8,9,,
Jeremy Atrack,9/07/2015 9:27,-27.34107,153.07584,Moving,,,89,150,0,14.4,0,0,On,Off,0,7060,24,0,11,0,,90,,45,-40,,50502,,652.2,2,,,,1,12,9,,
Jeremy Atrack,9/07/2015 9:27,-27.34252,153.0765,Moving,,,89,163,0,14.4,0,0,On,Off,0,7060,22,0,11,0,,90,,41,-40,,50502,,652.2,2,,,,1,12,9,,
Jeremy Atrack,9/07/2015 9:27,-27.34427,153.07688,Moving,,,89,170,0,14.4,0,0,On,Off,0,7060,22,0,11,0,,90,,41,-40,,50502,,652.2,2,,,,1,8,9,,
Jeremy Atrack,9/07/2015 9:27,-27.34603,153.07719,Moving,,,87,171,0,14.4,0,0,On,Off,0,7060,19,0,11,0,,90,,36,-40,,50502,,652.2,2,,,,1,9,9,,
Jeremy Atrack,9/07/2015 9:27,-27.34788,153.07752,Moving,,,80,169,0,14.4,0,0,On,Off,0,7060,19,0,11,0,,87,,36,-40,,50502,,652.2,2,,,,1,14,9,,
Jeremy Atrack,9/07/2015 9:28,-27.3498,153.07788,Moving,,,77,170,0,14.4,0,0,On,Off,0,7060,14,0,11,0,,80,,26,-40,,50502,,652.2,2,,,,1,24,9,,
Jeremy Atrack,9/07/2015 9:28,-27.35168,153.07821,Moving,,,87,167,0,14.4,0,0,On,Off,0,7060,14,0,11,0,,87,,26,-40,,50502,,652.2,2,,,,1,22,9,,
Jeremy Atrack,9/07/2015 9:28,-27.35312,153.07884,Moving,,,88,150,0,14.4,0,0,On,Off,0,7060,14,0,11,0,,88,,26,-40,,50502,,652.2,2,,,,1,15,9,,
Jeremy Atrack,9/07/2015 9:28,-27.35421,153.07976,Moving,,,90,135,0,14.4,0,0,On,Off,0,7060,14,0,11,0,,91,,26,-40,,50502,,652.2,2,,,,1,13,9,,
Jeremy Atrack,9/07/2015 9:28,-27.35505,153.08096,Moving,,,89,120,0,14.4,0,0,On,Off,0,7060,13,0,11,0,,90,,23,-40,,50502,,652.2,2,,,,1,10,9,,
Jeremy Atrack,9/07/2015 9:28,-27.35563,153.08257,Moving,,,88,104,0,14.4,0,0,On,Off,0,7060,13,0,11,0,,90,,23,-40,,50502,,652.2,2,,,,1,6,9,,
Jeremy Atrack,9/07/2015 9:28,-27.3559,153.08424,Moving,,,84,100,0,14.4,0,0,On,Off,0,7060,14,0,11,0,,88,,26,-40,,50502,,652.2,2,,,,1,7,9,,
Jeremy Atrack,9/07/2015 9:28,-27.35624,153.08627,Moving,,,80,100,0,14.4,0,0,On,Off,0,7060,14,0,11,0,,84,,26,-40,,50502,,652.2,2,,,,1,6,9,,
Jeremy Atrack,9/07/2015 9:29,-27.35658,153.08837,Moving,,,88,100,0,14.4,0,0,On,Off,0,7060,16,0,11,0,,88,,29,-40,,50502,,652.2,2,,,,1,6,9,,
Jeremy Atrack,9/07/2015 9:29,-27.35701,153.09034,Moving,,,91,112,0,14.4,0,0,On,Off,0,7060,16,0,11,0,,91,,29,-40,,50502,,652.2,2,,,,1,5,9,,
Jeremy Atrack,9/07/2015 9:29,-27.35757,153.0914,Moving,,,86,127,0,14.4,0,0,On,Off,0,7060,16,0,11,0,,91,,29,-40,,50502,,652.2,2,,,,1,5,9,,
Jeremy Atrack,9/07/2015 9:29,-27.35852,153.09239,Moving,,,84,142,0,14.4,0,0,On,Off,0,7060,16,0,11,0,,86,,29,-40,,50502,,652.2,2,,,,1,5,9,,
Jeremy Atrack,9/07/2015 9:29,-27.35984,153.09351,Moving,,,84,142,0,14.4,0,0,On,Off,0,7060,17,0,11,0,,84,,32,-40,,50502,,652.2,2,,,,1,6,9,,
Jeremy Atrack,9/07/2015 9:29,-27.36124,153.09471,Moving,,,90,142,0,14.4,0,0,On,Off,0,7060,17,0,11,0,,90,,32,-40,,50502,,652.2,2,,,,1,8,9,,
Jeremy Atrack,9/07/2015 9:29,-27.36272,153.09596,Moving,,,92,142,0,14.4,0,0,On,Off,0,7060,17,0,11,0,,93,,32,-40,,50502,,652.2,2,,,,1,8,9,,
Jeremy Atrack,9/07/2015 9:29,-27.36417,153.09717,Moving,,,90,146,0,14.4,0,0,On,Off,0,7060,17,0,11,0,,92,,32,-40,,50502,,652.2,2,,,,1,9,9,,
Jeremy Atrack,9/07/2015 9:29,-27.36517,153.0977,Moving,,,87,162,0,14.4,0,0,On,Off,0,7060,23,0,11,0,,90,,44,-40,,50502,,652.2,2,,,,1,8,9,,
Jeremy Atrack,9/07/2015 9:30,-27.36623,153.0979,Moving,,,85,177,0,14.4,0,0,On,Off,0,7060,23,0,11,0,,87,,44,-40,,50502,,652.2,2,,,,1,7,9,,
Jeremy Atrack,9/07/2015 9:30,-27.36748,153.09774,Moving,,,84,192,0,14.4,0,0,On,Off,0,7060,23,0,11,0,,85,,44,-40,,50502,,652.2,2,,,,1,8,9,,
Jeremy Atrack,9/07/2015 9:30,-27.36905,153.09732,Moving,,,78,193,0,14.4,0,0,On,Off,0,7060,23,0,9,0,,84,,44,-40,,50502,,652.2,2,,,,1,9,9,,
Jeremy Atrack,9/07/2015 9:30,-27.37083,153.09685,Moving,,,80,193,0,14.4,0,0,On,Off,0,7060,23,0,11,0,,83,,44,-40,,50502,,652.2,2,,,,1,11,9,,
Jeremy Atrack,9/07/2015 9:30,-27.37266,153.09653,Moving,,,84,179,0,14.4,0,0,On,Off,0,7060,22,0,11,0,,84,,41,-40,,50502,,652.2,2,,,,1,9,9,,
Jeremy Atrack,9/07/2015 9:30,-27.37457,153.09671,Moving,,,85,181,0,14.4,0,0,On,Off,0,7060,22,0,9,0,,85,,41,-40,,50502,,652.2,2,,,,1,7,9,,
Jeremy Atrack,9/07/2015 9:30,-27.37563,153.09652,Moving,,,86,196,0,14.4,0,0,On,Off,0,7060,22,0,10,0,,86,,41,-40,,50502,,652.2,2,,,,1,7,9,,
Jeremy Atrack,9/07/2015 9:30,-27.37661,153.096,Moving,,,84,211,0,14.4,0,0,On,Off,0,7060,22,0,11,0,,88,,41,-40,,50502,,652.2,2,,,,1,7,9,,
Jeremy Atrack,9/07/2015 9:31,-27.37789,153.09481,Moving,,,84,218,0,14.4,0,0,On,Off,0,7060,14,0,11,0,,84,,26,-40,,50502,,652.2,2,,,,1,9,9,,
Jeremy Atrack,9/07/2015 9:31,-27.37881,153.09423,Moving,,,85,200,0,14.4,0,0,On,Off,0,7060,14,0,11,0,,85,,26,-40,,50502,,652.2,2,,,,1,9,9,,
Jeremy Atrack,9/07/2015 9:31,-27.37987,153.09401,Moving,,,85,182,0,14.4,0,0,On,Off,0,7060,14,0,11,0,,87,,26,-40,,50502,,652.2,2,,,,1,9,9,,
Jeremy Atrack,9/07/2015 9:31,-27.38095,153.09415,Moving,,,87,165,0,14.4,0,0,On,Off,0,7060,14,0,11,0,,88,,26,-40,,50502,,652.2,2,,,,1,8,9,,
Jeremy Atrack,9/07/2015 9:31,-27.38249,153.09493,Moving,,,81,153,0,14.4,0,0,On,Off,0,7060,14,0,11,0,,87,,26,-40,,50502,,652.2,2,,,,1,8,9,,
Jeremy Atrack,9/07/2015 9:31,-27.3843,153.09563,Moving,,,86,170,0,14.4,0,0,On,Off,0,7060,15,0,11,0,,87,,27,-40,,50502,,652.2,2,,,,1,7,9,,
Jeremy Atrack,9/07/2015 9:31,-27.38583,153.09567,Moving,,,87,185,0,14.4,0,0,On,Off,0,7060,15,0,11,0,,88,,27,-40,,50502,,652.2,2,,,,1,7,9,,
Jeremy Atrack,9/07/2015 9:31,-27.38715,153.09532,Moving,,,96,200,0,14.4,0,0,On,Off,0,7060,15,0,10,0,,96,,27,-40,,50502,,652.2,2,,,,1,6,9,,
Jeremy Atrack,9/07/2015 9:31,-27.38879,153.09458,Moving,,,102,202,0,14.4,0,0,On,Off,0,7060,15,0,11,0,,102,,27,-40,,50502,,652.2,2,,,,1,7,9,,
Jeremy Atrack,9/07/2015 9:31,-27.39048,153.09382,Moving,,,104,201,0,14.4,0,0,On,Off,0,7060,16,0,11,0,,104,,30,-40,,50502,,652.2,2,,,,1,7,9,,
Jeremy Atrack,9/07/2015 9:32,-27.3923,153.09328,Moving,,,103,187,0,14.4,0,0,On,Off,0,7060,16,0,11,0,,108,,30,-40,,50502,,652.2,2,,,,1,8,9,,
Jeremy Atrack,9/07/2015 9:32,-27.39417,153.09326,Moving,,,105,174,0,14.4,0,0,On,Off,0,7060,16,0,11,0,,108,,30,-40,,50502,,652.2,2,,,,1,12,9,,
Jeremy Atrack,9/07/2015 9:32,-27.39601,153.09359,Moving,,,104,170,0,14.4,0,0,On,Off,0,7060,16,0,11,0,,107,,30,-40,,50502,,652.2,2,,,,1,15,9,,
Jeremy Atrack,9/07/2015 9:32,-27.39788,153.09394,Moving,,,101,170,0,14.4,0,0,On,Off,0,7054,19,0,11,0,,110,,36,-40,,50502,,652.2,2,,,,1,14,9,,
Jeremy Atrack,9/07/2015 9:32,-27.3998,153.09404,Moving,,,101,183,0,14.4,0,0,On,Off,0,7054,19,0,11,0,,110,,36,-40,,50502,,652.2,2,,,,1,12,9,,
Jeremy Atrack,9/07/2015 9:32,-27.40169,153.09372,Moving,,,102,195,0,14.4,0,0,On,Off,0,7054,19,0,11,0,,111,,36,-40,,50502,,652.2,2,,,,1,11,9,,
Jeremy Atrack,9/07/2015 9:32,-27.4035,153.09298,Moving,,,102,205,0,14.4,0,0,On,Off,0,7054,19,0,11,0,,112,,36,-40,,50502,,652.2,2,,,,1,11,9,,
Jeremy Atrack,9/07/2015 9:32,-27.40518,153.09184,Moving,,,101,216,0,14.4,0,0,On,Off,0,7054,22,0,11,0,,112,,41,-40,,50502,,652.2,2,,,,1,11,9,,
Jeremy Atrack,9/07/2015 9:33,-27.40668,153.09041,Moving,,,102,221,0,14.4,0,0,On,Off,0,7054,17,0,10,0,,112,,31,-40,,50502,,652.2,2,,,,1,10,9,,
Jeremy Atrack,9/07/2015 9:33,-27.40816,153.08904,Moving,,,103,215,0,14.4,0,0,On,Off,0,7054,17,0,11,0,,112,,31,-40,,50502,,652.2,2,,,,1,13,9,,
Jeremy Atrack,9/07/2015 9:33,-27.40984,153.08793,Moving,,,101,203,0,14.4,0,0,On,Off,0,7054,17,0,11,0,,113,,31,-40,,50502,,652.2,2,,,,1,16,9,,
Jeremy Atrack,9/07/2015 9:33,-27.41165,153.08723,Moving,,,100,195,0,14.4,0,0,On,Off,0,7054,17,0,11,0,,111,,31,-40,,50502,,652.2,2,,,,1,18,9,,
Jeremy Atrack,9/07/2015 9:33,-27.41348,153.08688,Moving,,,100,184,0,14.4,0,0,On,Off,0,7054,23,0,11,0,,106,,43,-40,,50502,,652.2,2,,,,1,16,9,,
Jeremy Atrack,9/07/2015 9:33,-27.41536,153.0869,Moving,,,102,175,0,14.4,0,0,On,Off,0,7054,28,0,11,0,,108,,54,-40,,50502,,652.2,2,,,,1,9,9,,
Jeremy Atrack,9/07/2015 9:33,-27.41724,153.08728,Moving,,,103,165,0,14.4,0,0,On,Off,0,7054,28,0,11,0,,110,,54,-40,,50502,,652.2,2,,,,1,8,9,,
Jeremy Atrack,9/07/2015 9:33,-27.419,153.08802,Moving,,,101,154,0,14.4,0,0,On,Off,0,7054,28,0,11,0,,108,,54,-40,,50502,,652.2,2,,,,1,8,9,,
Jeremy Atrack,9/07/2015 9:33,-27.42066,153.08894,Moving,,,104,153,0,14.4,0,0,On,Off,0,7054,27,0,11,0,,106,,51,-40,,50502,,652.2,2,,,,1,8,9,,
Jeremy Atrack,9/07/2015 9:34,-27.42229,153.08982,Moving,,,102,154,0,14.4,0,0,On,Off,0,7054,27,0,11,0,,104,,51,-40,,50502,,652.2,2,,,,1,8,9,,
Jeremy Atrack,9/07/2015 9:34,-27.42391,153.09066,Moving,,,100,155,0,14.4,0,0,On,Off,0,7054,23,0,11,0,,102,,43,-40,,50502,,652.2,2,,,,1,7,9,,
Jeremy Atrack,9/07/2015 9:34,-27.42553,153.09145,Moving,,,102,157,0,14.4,0,0,On,Off,0,7054,23,0,11,0,,102,,43,-40,,50502,,652.2,2,,,,1,7,9,,
Jeremy Atrack,9/07/2015 9:34,-27.42743,153.09228,Moving,,,102,159,0,14.4,0,0,On,Off,0,7054,31,0,11,0,,102,,59,-40,,50502,,652.2,2,,,,1,12,9,,
Jeremy Atrack,9/07/2015 9:34,-27.42915,153.09296,Moving,,,103,161,0,14.4,0,0,On,Off,0,7054,31,0,11,0,,104,,59,-40,,50502,,652.2,2,,,,1,16,9,,
Jeremy Atrack,9/07/2015 9:34,-27.43085,153.09359,Moving,,,100,161,0,14.4,0,0,On,Off,0,7054,31,0,11,0,,103,,59,-40,,50502,,652.2,2,,,,1,16,9,,
Jeremy Atrack,9/07/2015 9:34,-27.4325,153.09426,Moving,,,97,158,0,14.4,0,0,On,Off,0,7054,31,0,11,0,,101,,59,-40,,50502,,652.2,2,,,,1,16,9,,
Jeremy Atrack,9/07/2015 9:34,-27.43428,153.09515,Moving,,,97,154,0,14.4,0,0,On,Off,0,7054,28,0,11,0,,98,,53,-40,,50502,,652.2,2,,,,1,16,9,,
Jeremy Atrack,9/07/2015 9:35,-27.4359,153.09608,Moving,,,102,150,0,14.4,0,0,On,Off,0,7054,28,0,11,0,,112,,53,-40,,50502,,652.2,2,,,,1,13,9,,
Jeremy Atrack,9/07/2015 9:35,-27.43758,153.09709,Moving,,,101,153,0,14.4,0,0,On,Off,0,7054,28,0,11,0,,113,,53,-40,,50502,,652.2,2,,,,1,18,9,,
Jeremy Atrack,9/07/2015 9:35,-27.43923,153.09801,Moving,,,104,153,0,14.4,0,0,On,Off,0,7054,28,0,11,0,,108,,53,-40,,50502,,652.2,2,,,,1,29,9,,
Jeremy Atrack,9/07/2015 9:35,-27.44083,153.09891,Moving,,,101,153,0,14.4,0,0,On,Off,0,7054,28,0,11,0,,104,,53,-40,,50502,,652.2,2,,,,1,39,9,,
Jeremy Atrack,9/07/2015 9:35,-27.44259,153.09988,Moving,,,94,153,0,14.4,0,0,On,Off,0,7054,22,0,11,0,,101,,42,-40,,50502,,652.2,2,,,,1,50,9,,
Jeremy Atrack,9/07/2015 9:35,-27.44429,153.10083,Moving,,,94,152,0,14.4,0,0,On,Off,0,7054,22,0,11,0,,95,,42,-40,,50502,,652.2,2,,,,1,62,9,,
Jeremy Atrack,9/07/2015 9:35,-27.44592,153.10175,Moving,,,86,153,0,14.4,0,0,On,Off,0,7054,22,0,11,0,,94,,42,-40,,50502,,652.2,2,,,,1,66,9,,
Jeremy Atrack,9/07/2015 9:35,-27.44753,153.10264,Moving,,,92,153,0,14.4,0,0,On,Off,0,7054,15,0,11,0,,92,,27,-40,,50502,,652.2,2,,,,1,58,9,,
Jeremy Atrack,9/07/2015 9:36,-27.44926,153.1036,Moving,,,97,153,0,14.4,0,0,On,Off,0,7054,20,0,11,0,,98,,38,-40,,50502,,652.2,2,,,,1,47,9,,
Jeremy Atrack,9/07/2015 9:36,-27.451,153.10457,Moving,,,96,155,0,14.4,0,0,On,Off,0,7054,20,0,11,0,,97,,38,-40,,50502,,652.2,2,,,,1,35,9,,
Jeremy Atrack,9/07/2015 9:36,-27.45284,153.10536,Moving,,,99,163,0,14.4,0,0,On,Off,0,7054,20,0,11,0,,101,,38,-40,,50502,,652.2,2,,,,1,27,9,,
Jeremy Atrack,9/07/2015 9:36,-27.45463,153.10616,Moving,,,96,153,0,14.4,0,0,On,Off,0,7054,18,0,11,0,,99,,34,-40,,50502,,652.2,2,,,,1,23,9,,
Jeremy Atrack,9/07/2015 9:36,-27.45632,153.10731,Moving,,,99,147,0,14.4,0,0,On,Off,0,7054,18,0,11,0,,99,,34,-40,,50502,,652.2,2,,,,1,18,9,,
Jeremy Atrack,9/07/2015 9:36,-27.45801,153.10845,Moving,,,99,150,0,14.4,0,0,On,Off,0,7054,18,0,11,0,,99,,34,-40,,50502,,652.2,2,,,,1,15,9,,
Jeremy Atrack,9/07/2015 9:36,-27.45974,153.10957,Moving,,,97,149,0,14.4,0,0,On,Off,0,7054,21,0,11,0,,101,,40,-40,,50502,,652.2,2,,,,1,16,9,,
Jeremy Atrack,9/07/2015 9:37,-27.46136,153.11071,Moving,,,94,146,0,14.4,0,0,On,Off,0,7054,27,0,11,0,,97,,51,-40,,50502,,652.2,2,,,,1,19,9,,
Jeremy Atrack,9/07/2015 9:37,-27.46295,153.112,Moving,,,101,142,0,14.4,0,0,On,Off,0,7054,27,0,11,0,,101,,51,-40,,50502,,652.2,2,,,,1,18,9,,
Jeremy Atrack,9/07/2015 9:37,-27.46432,153.11328,Moving,,,101,138,0,14.4,0,0,On,Off,0,7054,27,0,11,0,,102,,51,-40,,50502,,652.2,2,,,,1,13,9,,
Jeremy Atrack,9/07/2015 9:37,-27.4658,153.11481,Moving,,,101,136,0,14.4,0,0,On,Off,0,7054,27,0,10,0,,101,,51,-40,,50502,,652.2,2,,,,1,8,9,,
Jeremy Atrack,9/07/2015 9:37,-27.46716,153.1161,Moving,,,100,144,0,14.4,0,0,On,Off,0,7054,22,0,11,0,,101,,41,-40,,50502,,652.2,2,,,,1,8,9,,
Jeremy Atrack,9/07/2015 9:37,-27.46865,153.11694,Moving,,,95,160,0,14.4,0,0,On,Off,0,7054,22,0,11,0,,100,,41,-40,,50502,,652.2,2,,,,1,8,9,,
Jeremy Atrack,9/07/2015 9:37,-27.4703,153.11729,Moving,,,97,177,0,14.4,0,0,On,Off,0,7054,22,0,11,0,,97,,42,-40,,50502,,652.2,2,,,,1,7,9,,
Jeremy Atrack,9/07/2015 9:37,-27.47197,153.11718,Moving,,,92,184,0,14.4,0,0,On,Off,0,7054,22,0,11,0,,97,,42,-40,,50502,,652.2,2,,,,1,10,9,,
Jeremy Atrack,9/07/2015 9:37,-27.47377,153.117,Moving,,,89,184,0,14.4,0,0,On,Off,0,7054,19,0,11,0,,92,,35,-40,,50502,,652.2,2,,,,1,16,9,,
Jeremy Atrack,9/07/2015 9:38,-27.47563,153.11685,Moving,,,95,182,0,14.4,0,0,On,Off,0,7054,19,0,11,0,,95,,35,-40,,50502,,652.2,2,,,,1,16,9,,
Jeremy Atrack,9/07/2015 9:38,-27.47737,153.11692,Moving,,,104,172,0,14.4,0,0,On,Off,0,7054,19,0,11,0,,104,,35,-40,,50502,,652.2,2,,,,1,11,9,,
Jeremy Atrack,9/07/2015 9:38,-27.4791,153.11739,Moving,,,100,160,0,14.4,0,0,On,Off,0,7054,18,0,11,0,,104,,33,-40,,50502,,652.2,2,,,,1,10,9,,
Jeremy Atrack,9/07/2015 9:38,-27.48088,153.11835,Moving,,,96,150,0,14.4,0,0,On,Off,0,7054,17,0,11,0,,100,,31,-40,,50502,,652.2,2,,,,1,9,9,,
Jeremy Atrack,9/07/2015 9:38,-27.48256,153.11945,Moving,,,95,150,0,14.4,0,0,On,Off,0,7054,17,0,11,0,,97,,31,-40,,50502,,652.2,2,,,,1,8,9,,
Jeremy Atrack,9/07/2015 9:38,-27.48424,153.12046,Moving,,,94,154,0,14.4,0,0,On,Off,0,7054,17,0,11,0,,95,,31,-40,,50502,,652.2,2,,,,1,13,9,,
Jeremy Atrack,9/07/2015 9:38,-27.48595,153.12127,Moving,,,90,159,0,14.4,0,0,On,Off,0,7054,17,0,10,0,,94,,31,-40,,50502,,652.2,2,,,,1,18,9,,
Jeremy Atrack,9/07/2015 9:39,-27.48768,153.12197,Moving,,,91,157,0,14.4,0,0,On,Off,0,7054,13,0,8,1,,92,,23,-40,,50502,,652.2,2,,,,1,19,9,,
Jeremy Atrack,9/07/2015 9:39,-27.48943,153.12283,Moving,,,97,154,0,14.4,0,0,On,Off,0,7054,15,0,10,0,,97,,28,-40,,50502,,652.2,2,,,,1,14,9,,
Jeremy Atrack,9/07/2015 9:39,-27.49119,153.12385,Moving,,,99,150,0,14.4,0,0,On,Off,0,7054,15,0,11,0,,100,,28,-40,,50502,,652.2,2,,,,1,9,9,,
Jeremy Atrack,9/07/2015 9:39,-27.49274,153.12486,Moving,,,103,150,0,14.4,0,0,On,Off,0,7054,15,0,11,0,,104,,28,-40,,50502,,652.2,2,,,,1,7,9,,
Jeremy Atrack,9/07/2015 9:39,-27.49438,153.12567,Moving,,,99,161,0,14.4,0,0,On,Off,0,7054,16,0,11,0,,105,,29,-40,,50502,,652.2,2,,,,1,8,9,,
Jeremy Atrack,9/07/2015 9:39,-27.49634,153.12611,Moving,,,100,174,0,14.4,0,0,On,Off,0,7054,16,0,11,0,,101,,29,-40,,50502,,652.2,2,,,,1,8,9,,
Jeremy Atrack,9/07/2015 9:39,-27.49813,153.12608,Moving,,,104,185,0,14.4,0,0,On,Off,0,7054,16,0,11,0,,104,,29,-40,,50502,,652.2,2,,,,1,12,9,,
Jeremy Atrack,9/07/2015 9:39,-27.50006,153.12559,Moving,,,101,198,0,14.4,0,0,On,Off,0,7054,16,0,11,0,,116,,29,-40,,50502,,652.2,2,,,,1,16,9,,
Jeremy Atrack,9/07/2015 9:40,-27.50184,153.1249,Moving,,,104,194,0,14.4,0,0,On,Off,0,7054,12,0,11,0,,111,,21,-40,,50502,,652.2,2,,,,1,24,9,,
Jeremy Atrack,9/07/2015 9:40,-27.50366,153.12454,Moving,,,103,185,0,14.4,0,0,On,Off,0,7054,12,0,11,0,,106,,21,-40,,50502,,652.2,2,,,,1,32,9,,
Jeremy Atrack,9/07/2015 9:40,-27.50552,153.12455,Moving,,,102,174,0,14.4,0,0,On,Off,0,7054,12,0,11,0,,107,,21,-40,,50502,,652.2,2,,,,1,34,9,,
Jeremy Atrack,9/07/2015 9:40,-27.50738,153.12495,Moving,,,105,164,0,14.4,0,0,On,Off,0,7054,12,0,11,0,,108,,21,-40,,50502,,652.2,2,,,,1,36,9,,
Jeremy Atrack,9/07/2015 9:40,-27.50918,153.12552,Moving,,,105,164,0,14.4,0,0,On,Off,0,7054,21,0,11,0,,107,,40,-40,,50502,,652.2,2,,,,1,40,9,,
Jeremy Atrack,9/07/2015 9:40,-27.51102,153.12595,Moving,,,104,173,0,14.4,0,0,On,Off,0,7054,21,0,9,0,,107,,40,-40,,50502,,652.2,2,,,,1,40,9,,
Jeremy Atrack,9/07/2015 9:40,-27.51291,153.12595,Moving,,,101,184,0,14.4,0,0,On,Off,0,7054,21,0,9,0,,108,,40,-40,,50502,,652.2,2,,,,1,38,9,,
Jeremy Atrack,9/07/2015 9:40,-27.51475,153.1257,Moving,,,103,186,0,14.4,0,0,On,Off,0,7054,21,0,10,0,,108,,40,-40,,50502,,652.2,2,,,,1,45,9,,
Jeremy Atrack,9/07/2015 9:40,-27.51654,153.12553,Moving,,,102,184,0,14.4,0,0,On,Off,0,7054,21,0,10,0,,103,,40,-40,,50502,,652.2,2,,,,1,52,9,,
Jeremy Atrack,9/07/2015 9:41,-27.5184,153.12542,Moving,,,105,183,0,14.4,0,0,On,Off,0,7054,26,0,9,1,,106,,49,-40,,50502,,652.2,2,,,,1,50,9,,
Jeremy Atrack,9/07/2015 9:41,-27.52027,153.12523,Moving,,,101,187,0,14.4,0,0,On,Off,0,7054,26,0,11,0,,108,,49,-40,,50502,,652.2,2,,,,1,41,9,,
Jeremy Atrack,9/07/2015 9:41,-27.52209,153.12492,Moving,,,104,189,0,14.4,0,0,On,Off,0,7054,29,0,11,0,,105,,55,-40,,50502,,652.2,2,,,,1,39,9,,
Jeremy Atrack,9/07/2015 9:41,-27.52395,153.12456,Moving,,,101,190,0,14.4,0,0,On,Off,0,7054,29,0,11,0,,108,,55,-40,,50502,,652.2,2,,,,1,36,9,,
Jeremy Atrack,9/07/2015 9:41,-27.52583,153.12419,Moving,,,102,189,0,14.4,0,0,On,Off,0,7054,30,0,11,0,,109,,57,-40,,50502,,652.2,2,,,,1,34,9,,
Jeremy Atrack,9/07/2015 9:41,-27.52771,153.12384,Moving,,,103,189,0,14.4,0,0,On,Off,0,7054,30,0,11,0,,109,,57,-40,,50502,,652.2,2,,,,1,31,9,,
Jeremy Atrack,9/07/2015 9:41,-27.52955,153.12348,Moving,,,106,189,0,14.4,0,0,On,Off,0,7054,30,0,11,0,,107,,57,-40,,50502,,652.2,2,,,,1,32,9,,
Jeremy Atrack,9/07/2015 9:41,-27.53139,153.1231,Moving,,,106,191,0,14.4,0,0,On,Off,0,7054,30,0,11,0,,107,,57,-40,,50502,,652.2,2,,,,1,36,9,,
Jeremy Atrack,9/07/2015 9:41,-27.53319,153.12242,Moving,,,104,205,0,14.4,0,0,On,Off,0,7054,26,0,11,0,,108,,50,-40,,50502,,652.2,2,,,,1,38,9,,
Jeremy Atrack,9/07/2015 9:42,-27.53483,153.12135,Moving,,,105,211,0,14.4,0,0,On,Off,0,7054,26,0,10,0,,109,,50,-40,,50502,,652.2,2,,,,1,38,9,,
Jeremy Atrack,9/07/2015 9:42,-27.53639,153.1203,Moving,,,102,211,0,14.4,0,0,On,Off,0,7054,26,0,10,0,,105,,50,-40,,50502,,652.2,2,,,,1,34,9,,
Jeremy Atrack,9/07/2015 9:42,-27.53794,153.11925,Moving,,,103,210,0,14.4,0,0,On,Off,0,7054,27,0,11,0,,103,,51,-40,,50502,,652.2,2,,,,1,37,9,,
Jeremy Atrack,9/07/2015 9:42,-27.53946,153.11817,Moving,,,101,211,0,14.4,0,0,On,Off,0,7054,27,0,10,0,,104,,51,-40,,50502,,652.2,2,,,,1,44,9,,
Jeremy Atrack,9/07/2015 9:42,-27.54112,153.11741,Moving,,,103,194,0,14.4,0,0,On,Off,0,7054,26,0,9,0,,103,,50,-40,,50502,,652.2,2,,,,1,45,9,,
Jeremy Atrack,9/07/2015 9:42,-27.54265,153.1172,Moving,,,101,181,0,14.4,0,0,On,Off,0,7054,26,0,10,0,,104,,50,-40,,50502,,652.2,2,,,,1,45,9,,
Jeremy Atrack,9/07/2015 9:42,-27.54467,153.11733,Moving,,,99,174,0,14.4,0,0,On,Off,0,7054,26,0,11,0,,101,,50,-40,,50502,,652.2,2,,,,1,45,9,,
Jeremy Atrack,9/07/2015 9:42,-27.54644,153.1174,Moving,,,100,183,0,14.4,0,0,On,Off,0,7054,26,0,11,0,,102,,50,-40,,50502,,652.2,2,,,,1,41,9,,
Jeremy Atrack,9/07/2015 9:43,-27.54816,153.117,Moving,,,98,199,0,14.4,0,0,On,Off,0,7054,31,0,11,0,,101,,59,-40,,50502,,652.2,2,,,,1,36,9,,
Jeremy Atrack,9/07/2015 9:43,-27.5496,153.11619,Moving,,,103,213,0,14.4,0,0,On,Off,0,7054,31,0,11,0,,113,,59,-40,,50502,,652.2,2,,,,1,33,9,,
Jeremy Atrack,9/07/2015 9:43,-27.551,153.11508,Moving,,,104,215,0,14.4,0,0,On,Off,0,7054,31,0,10,0,,114,,59,-40,,50502,,652.2,2,,,,1,31,9,,
Jeremy Atrack,9/07/2015 9:43,-27.55264,153.11383,Moving,,,101,212,0,14.4,0,0,On,Off,0,7054,31,0,10,0,,114,,59,-40,,50502,,652.2,2,,,,1,27,9,,
Jeremy Atrack,9/07/2015 9:43,-27.55428,153.11276,Moving,,,104,208,0,14.4,0,0,On,Off,0,7054,17,0,9,0,,111,,31,-40,,50502,,652.2,2,,,,1,30,9,,
Jeremy Atrack,9/07/2015 9:43,-27.55597,153.11182,Moving,,,103,206,0,14.4,0,0,On,Off,0,7054,17,0,12,0,,108,,31,-40,,50502,,652.2,2,,,,1,31,9,,
Jeremy Atrack,9/07/2015 9:43,-27.55764,153.11093,Moving,,,104,205,0,14.4,0,0,On,Off,0,7054,17,0,12,0,,106,,31,-40,,50502,,652.2,2,,,,1,31,9,,
Jeremy Atrack,9/07/2015 9:43,-27.55936,153.11001,Moving,,,101,205,0,14.4,0,0,On,Off,0,7054,17,0,12,0,,110,,31,-40,,50502,,652.2,2,,,,1,34,9,,
Jeremy Atrack,9/07/2015 9:43,-27.56114,153.10907,Moving,,,103,205,0,14.4,0,0,On,Off,0,7054,17,0,12,0,,113,,31,-40,,50502,,652.2,2,,,,1,41,9,,
Jeremy Atrack,9/07/2015 9:44,-27.56299,153.10813,Moving,,,105,203,0,14.4,0,0,On,Off,0,7054,20,0,12,0,,120,,38,-40,,50502,,652.2,2,,,,1,46,9,,
Jeremy Atrack,9/07/2015 9:44,-27.5647,153.10763,Moving,,,103,187,0,14.4,0,0,On,Off,0,7054,20,0,12,0,,121,,38,-40,,50502,,652.2,2,,,,1,47,9,,
Jeremy Atrack,9/07/2015 9:44,-27.56636,153.10769,Moving,,,104,171,0,14.4,0,0,On,Off,0,7054,20,0,12,0,,113,,38,-40,,50502,,652.2,2,,,,1,45,9,,
Jeremy Atrack,9/07/2015 9:44,-27.56792,153.10807,Moving,,,103,170,0,14.4,0,0,On,Off,0,7054,20,0,12,0,,109,,38,-40,,50502,,652.2,2,,,,1,40,9,,
Jeremy Atrack,9/07/2015 9:44,-27.56971,153.10809,Moving,,,102,187,0,14.4,0,0,On,Off,0,7062,18,0,11,0,,104,,34,-40,,50502,,652.2,2,,,,1,38,9,,
Jeremy Atrack,9/07/2015 9:44,-27.57122,153.10768,Moving,,,102,196,0,14.4,0,0,On,Off,0,7062,18,0,12,0,,102,,34,-40,,50502,,652.2,2,,,,1,35,9,,
Jeremy Atrack,9/07/2015 9:44,-27.57293,153.10718,Moving,,,96,191,0,14.4,0,0,On,Off,0,7062,18,0,12,0,,103,,34,-40,,50502,,652.2,2,,,,1,35,9,,
Jeremy Atrack,9/07/2015 9:44,-27.57477,153.10668,Moving,,,90,194,0,14.4,0,0,On,Off,0,7062,18,0,11,0,,96,,34,-40,,50502,,652.2,2,,,,1,34,9,,
Jeremy Atrack,9/07/2015 9:44,-27.57669,153.10614,Moving,,,86,194,0,14.4,0,0,On,Off,0,7062,18,0,11,0,,90,,34,-40,,50502,,652.2,2,,,,1,36,9,,
Jeremy Atrack,9/07/2015 9:45,-27.57842,153.1056,Moving,,,86,196,0,14.4,0,0,On,Off,0,7062,18,0,11,0,,92,,33,-40,,50502,,652.2,2,,,,1,37,9,,
Jeremy Atrack,9/07/2015 9:45,-27.58028,153.10504,Moving,,,86,194,0,14.4,0,0,On,Off,0,7062,18,0,11,0,,86,,33,-40,,50502,,652.2,2,,,,1,36,9,,
Jeremy Atrack,9/07/2015 9:45,-27.58218,153.10474,Moving,,,88,178,0,14.4,0,0,On,Off,0,7062,18,0,12,0,,89,,33,-40,,50502,,652.2,2,,,,1,39,9,,
Jeremy Atrack,9/07/2015 9:45,-27.58368,153.10501,Moving,,,86,162,0,14.4,0,0,On,Off,0,7062,19,0,12,0,,88,,36,-40,,50502,,652.2,2,,,,1,37,9,,
Jeremy Atrack,9/07/2015 9:45,-27.58522,153.10583,Moving,,,84,152,0,14.4,0,0,On,Off,0,7062,19,0,12,0,,87,,36,-40,,50502,,652.2,2,,,,1,36,9,,
Jeremy Atrack,9/07/2015 9:45,-27.5869,153.1069,Moving,,,87,150,0,14.4,0,0,On,Off,0,7062,19,0,12,0,,87,,36,-40,,50502,,652.2,2,,,,1,39,9,,
Jeremy Atrack,9/07/2015 9:45,-27.58864,153.10798,Moving,,,104,150,0,14.4,0,0,On,Off,0,7062,27,0,12,0,,114,,51,-40,,50502,,652.2,2,,,,1,42,9,,
Jeremy Atrack,9/07/2015 9:46,-27.59031,153.10905,Moving,,,105,150,0,14.4,0,0,On,Off,0,7062,29,0,12,0,,114,,55,-40,,50502,,652.2,2,,,,1,46,9,,
Jeremy Atrack,9/07/2015 9:46,-27.59205,153.11015,Moving,,,96,150,0,14.4,0,0,On,Off,0,7062,28,0,11,0,,105,,53,-40,,50502,,652.2,2,,,,1,48,9,,
Jeremy Atrack,9/07/2015 9:46,-27.59374,153.11122,Moving,,,97,150,0,14.4,0,0,On,Off,0,7062,28,0,10,0,,97,,53,-40,,50502,,652.2,2,,,,1,56,9,,